,X_UTME,Y_UTMN,Z_TVDSS,Well,Seg,SegName,MyNum
0,461288.81485,5933414.92191,1640.40149,OP_4,1,SEGA,1.0
1,462749.3396,5932898.50949,1603.03381,OP_5,1,SEGA,2.0
2,461317.57983,5931898.03772,1695.18201,WI_1,2,SEGB,1e+33
3,462698.16394,5934227.79309,1599.42078,OP_1,3,SEGC,22.0
4,464009.15674,5931756.39319,1629.98975,OP_3,2000000000,UNDEF,1.0
5,460264.73267,5935208.75757,1584.83337,OP_2,2,SEGB,1.223
6,461622.0664,5936672.34766,1711.38879,WI_2,4,SEGD,432.11
7,459520.46069,5935971.25244,1707.96631,WI_3,4,SEGD,1e+33
